id,content,timestamp,metadata
memory_0,Vacation in Location0 was amazing. We visited Activity0 and enjoyed Food0.,2024-01-01,category_0
memory_1,Work meeting about Topic1. Discussed Details1 with the team.,2024-02-02,category_1
memory_2,Family dinner at Restaurant2. Had Dish2 and talked about Conversation2.,2024-03-03,category_2
memory_3,Book reading session: Book3. Key insights: Insight3.,2024-04-04,category_3
memory_4,Exercise routine: Exercise4 for 34 minutes. Felt Feeling4.,2024-05-05,category_4
memory_5,Learning about Subject5. Important concepts: Concepts5.,2024-06-06,category_0
memory_6,Social event with Friends0. Activities included Activities6.,2024-07-07,category_1
memory_7,Travel to Destination7. Transportation: Transport3. Highlights: Highlights7.,2024-08-08,category_2
memory_8,Cooking Recipe1. Ingredients: Ingredients8. Result: Outcome2.,2024-09-09,category_3
memory_9,Reflection on Topic9. Thoughts: Thoughts9.,2024-10-10,category_4
memory_10,Vacation in Location0 was amazing. We visited Activity2 and enjoyed Food4.,2024-11-11,category_0
memory_11,Work meeting about Topic11. Discussed Details11 with the team.,2024-12-12,category_1
memory_12,Family dinner at Restaurant5. Had Dish3 and talked about Conversation1.,2024-01-13,category_2
memory_13,Book reading session: Book0. Key insights: Insight13.,2024-02-14,category_3
memory_14,Exercise routine: Exercise4 for 44 minutes. Felt Feeling6.,2024-03-15,category_4
memory_15,Learning about Subject5. Important concepts: Concepts3.,2024-04-16,category_0
memory_16,Social event with Friends4. Activities included Activities7.,2024-05-17,category_1
memory_17,Travel to Destination1. Transportation: Transport1. Highlights: Highlights7.,2024-06-18,category_2
memory_18,Cooking Recipe4. Ingredients: Ingredients7. Result: Outcome0.,2024-07-19,category_3
memory_19,Reflection on Topic7. Thoughts: Thoughts6.,2024-08-20,category_4
memory_20,Vacation in Location0 was amazing. We visited Activity4 and enjoyed Food2.,2024-09-21,category_0
memory_21,Work meeting about Topic9. Discussed Details6 with the team.,2024-10-22,category_1
memory_22,Family dinner at Restaurant1. Had Dish4 and talked about Conversation0.,2024-11-23,category_2
memory_23,Book reading session: Book10. Key insights: Insight9.,2024-12-24,category_3
memory_24,Exercise routine: Exercise4 for 54 minutes. Felt Feeling0.,2024-01-25,category_4
memory_25,Learning about Subject5. Important concepts: Concepts1.,2024-02-26,category_0
memory_26,Social event with Friends2. Activities included Activities8.,2024-03-27,category_1
memory_27,Travel to Destination3. Transportation: Transport3. Highlights: Highlights7.,2024-04-28,category_2
memory_28,Cooking Recipe0. Ingredients: Ingredients6. Result: Outcome4.,2024-05-01,category_3
memory_29,Reflection on Topic5. Thoughts: Thoughts3.,2024-06-02,category_4
memory_30,Vacation in Location0 was amazing. We visited Activity6 and enjoyed Food0.,2024-07-03,category_0
memory_31,Work meeting about Topic7. Discussed Details1 with the team.,2024-08-04,category_1
memory_32,Family dinner at Restaurant4. Had Dish5 and talked about Conversation10.,2024-09-05,category_2
memory_33,Book reading session: Book7. Key insights: Insight5.,2024-10-06,category_3
memory_34,Exercise routine: Exercise4 for 64 minutes. Felt Feeling2.,2024-11-07,category_4
memory_35,Learning about Subject5. Important concepts: Concepts11.,2024-12-08,category_0
memory_36,Social event with Friends0. Activities included Activities0.,2024-01-09,category_1
memory_37,Travel to Destination5. Transportation: Transport1. Highlights: Highlights7.,2024-02-10,category_2
memory_38,Cooking Recipe3. Ingredients: Ingredients5. Result: Outcome2.,2024-03-11,category_3
memory_39,Reflection on Topic3. Thoughts: Thoughts0.,2024-04-12,category_4
memory_40,Vacation in Location0 was amazing. We visited Activity0 and enjoyed Food4.,2024-05-13,category_0
memory_41,Work meeting about Topic5. Discussed Details11 with the team.,2024-06-14,category_1
memory_42,Family dinner at Restaurant0. Had Dish6 and talked about Conversation9.,2024-07-15,category_2
memory_43,Book reading session: Book4. Key insights: Insight1.,2024-08-16,category_3
memory_44,Exercise routine: Exercise4 for 74 minutes. Felt Feeling4.,2024-09-17,category_4
memory_45,Learning about Subject5. Important concepts: Concepts9.,2024-10-18,category_0
memory_46,Social event with Friends4. Activities included Activities1.,2024-11-19,category_1
memory_47,Travel to Destination7. Transportation: Transport3. Highlights: Highlights7.,2024-12-20,category_2
memory_48,Cooking Recipe6. Ingredients: Ingredients4. Result: Outcome0.,2024-01-21,category_3
memory_49,Reflection on Topic1. Thoughts: Thoughts10.,2024-02-22,category_4
